ds,yhat,sku_id,actual
2024-02-05,0.03933758635504783,46303774477,0
2024-02-12,0.014630152287590563,46303774477,0
2024-02-19,0.002672735918331788,46303774477,0
2024-02-26,0.01901318027719473,46303774477,0
2024-02-05,0.04878338532792736,46303862950,0
2024-02-12,0.04065116502647505,46303862950,0
2024-02-19,0.036228713273189245,46303862950,0
2024-02-26,0.0476446536583306,46303862950,0
2024-02-05,-0.003140977644499665,46303877432,0
2024-02-12,0.07416100493483085,46303877432,0
2024-02-19,0.11896273746732508,46303877432,0
2024-02-26,0.09192400647996127,46303877432,0
2024-02-05,0.07202194769077652,46303948414,0
2024-02-12,0.01810010861625938,46303948414,0
2024-02-19,0.09686267781210339,46303948414,0
2024-02-26,0.2073963888308365,46303948414,0
2024-02-05,0.02676133739276504,46308044959,0
2024-02-12,0.012552550501416515,46308044959,0
2024-02-19,0.16399781840312933,46308044959,0
2024-02-26,0.2914829922494803,46308044959,0
2024-02-05,0.0682111200825676,46310250952,0
2024-02-12,0.04437923709645117,46310250952,0
2024-02-19,0.10745909785025015,46310250952,0
2024-02-26,0.18114627876287612,46310250952,0
2024-02-05,0.10835184291583294,46310280482,0
2024-02-12,0.2664470981708541,46310280482,0
2024-02-19,0.29318568819558477,46310280482,0
2024-02-26,0.22179977877263596,46310280482,0
2024-02-05,0.2473634563750739,46310291987,0
2024-02-12,0.19397317866604213,46310291987,0
2024-02-19,0.19388094110306464,46310291987,0
2024-02-26,0.2668400876982512,46310291987,0
2024-02-05,0.029644186007163065,46310334441,0
2024-02-12,-0.027802100467711865,46310334441,0
2024-02-19,0.09068693609874381,46310334441,0
2024-02-26,0.21084983937342577,46310334441,0
2024-02-05,0.010834705332481431,4636511797,0
2024-02-12,0.13922140215701606,4636511797,0
2024-02-19,0.440877396061849,4636511797,0
2024-02-26,0.5561901808663714,4636511797,0
2024-02-05,0.025671603336507504,46365131910,0
2024-02-12,0.05828923174982087,46365131910,0
2024-02-19,0.13615566343172447,46365131910,0
2024-02-26,0.14022126516838163,46365131910,0
2024-02-05,0.01637879177186579,46381587960,0
2024-02-12,-0.0185393954530957,46381587960,0
2024-02-19,0.0067571502126473545,46381587960,0
2024-02-26,0.04282570404755272,46381587960,0
2024-02-05,0.0926220457096395,46381594945,0
2024-02-12,0.02818546097763435,46381594945,0
2024-02-19,0.006551066226258576,46381594945,0
2024-02-26,0.017790588078808137,46381594945,0
2024-02-05,-0.007134001020085275,46381604933,0
2024-02-12,0.002000185062117122,46381604933,0
2024-02-19,0.020327158276903637,46381604933,0
2024-02-26,0.025608704026842875,46381604933,0
2024-02-05,0.2085493192169937,44400044666,0
2024-02-12,0.3415295337514624,44400044666,0
2024-02-19,0.40062468819328395,44400044666,0
2024-02-26,0.3577066313687228,44400044666,0
2024-02-05,0.17853466124533257,44400044979,0
2024-02-12,0.3302490061565761,44400044979,0
2024-02-19,0.27396493431853713,44400044979,0
2024-02-26,0.1683805472211044,44400044979,0
2024-02-05,0.05903198397382747,44400045247,0
2024-02-12,0.0009252634322864384,44400045247,0
2024-02-19,0.10977632890672234,44400045247,0
2024-02-26,0.23678288741788073,44400045247,0
2024-02-05,0.11560006434989109,44400045545,0
2024-02-12,0.05743825501815064,44400045545,0
2024-02-19,0.052984953923702005,44400045545,0
2024-02-26,0.07564013338700343,44400045545,0
2024-02-05,0.24038962864005192,46694935963,0
2024-02-12,0.08642453401931587,46694935963,0
2024-02-19,-0.02634812858352782,46694935963,0
2024-02-26,-0.0309612301130269,46694935963,0
2024-02-05,0.1476960743539045,44754799164,0
2024-02-12,0.15199030713520284,44754799164,0
2024-02-19,0.1288895724940487,44754799164,0
2024-02-26,0.10303307940650455,44754799164,0
2024-02-05,0.0646107390859258,44754802163,0
2024-02-12,0.06611983163299227,44754802163,0
2024-02-19,0.03552626778618333,44754802163,0
2024-02-26,0.027584326852615623,44754802163,0
2024-02-05,0.23912469807052894,44754809351,0
2024-02-12,0.2255298368617844,44754809351,0
2024-02-19,0.17901450348372072,44754809351,0
2024-02-26,0.15929808420547603,44754809351,0
2024-02-05,0.25405121623088955,44754812989,0
2024-02-12,0.35491772986080933,44754812989,0
2024-02-19,0.35972664690158074,44754812989,0
2024-02-26,0.285821174339672,44754812989,0
2024-02-05,0.08060594288110826,4475481627,0
2024-02-12,0.0008822988355999817,4475481627,0
2024-02-19,0.05837807459941577,4475481627,0
2024-02-26,0.1503069859842207,4475481627,0
2024-02-05,-0.0051690994669046225,44754818694,0
2024-02-12,0.0464210781491501,44754818694,0
2024-02-19,0.0815984166594443,44754818694,0
2024-02-26,0.06457073934356924,44754818694,0
2024-02-05,0.019138056681181646,4475482043,0
2024-02-12,0.011150580815630931,4475482043,0
2024-02-19,0.008528144583613447,4475482043,0
2024-02-26,0.015003490272783589,4475482043,0
2024-02-05,0.1605943498798193,44860382637,0
2024-02-12,0.23212437425814988,44860382637,0
2024-02-19,0.16905836910527505,44860382637,0
2024-02-26,0.09458208865375717,44860382637,0
2024-02-05,-0.0004502680542334027,44860382932,0
2024-02-12,0.018578763154946543,44860382932,0
2024-02-19,0.02443556661324529,44860382932,0
2024-02-26,0.012666951909675764,44860382932,0
2024-02-05,0.12957708824484374,4486038328,0
2024-02-12,0.08276408135812376,4486038328,0
2024-02-19,0.057069609526687465,4486038328,0
2024-02-26,0.05630046557280066,4486038328,0
2024-02-05,-0.0195797765727644,44860383567,0
2024-02-12,0.012374413034106128,44860383567,0
2024-02-19,0.047486174534075457,44860383567,0
2024-02-26,0.044247935051813646,44860383567,0
2024-02-05,0.045297448748550684,4486038387,0
2024-02-12,0.07982543996873981,4486038387,0
2024-02-19,0.07942608277839053,4486038387,0
2024-02-26,0.07111519691024734,4486038387,0
2024-02-05,0.02397143702822846,44860384161,0
2024-02-12,-0.019720818850564606,44860384161,0
2024-02-19,-0.01227055701600124,44860384161,0
2024-02-26,0.01862730749433277,44860384161,0
2024-02-05,0.012593281072470264,44860384494,0
2024-02-12,0.07997627392718465,44860384494,0
2024-02-19,0.19612195110765604,44860384494,0
2024-02-26,0.30550570305096447,44860384494,0
2024-02-05,0.08948491846320632,44860384733,0
2024-02-12,0.017987938109053345,44860384733,0
2024-02-19,-0.010187050877003376,44860384733,0
2024-02-26,0.035760618700447264,44860384733,0
2024-02-05,-0.03363595658856441,44860385094,0
2024-02-12,0.011100828308177317,44860385094,0
2024-02-19,0.05213181202754127,44860385094,0
2024-02-26,0.04512013756992883,44860385094,0
2024-02-05,0.24038962864005192,44860385362,0
2024-02-12,0.08642453401931587,44860385362,0
2024-02-19,-0.02634812858352782,44860385362,0
2024-02-26,-0.0309612301130269,44860385362,0
2024-02-05,-0.027455892013776097,44860385918,0
2024-02-12,-0.01500619451525409,44860385918,0
2024-02-19,0.019843594984163878,44860385918,0
2024-02-26,0.03345184525712959,44860385918,0
2024-02-05,-0.07362766100271556,746436995,0
2024-02-12,0.17422791420815675,746436995,0
2024-02-19,0.2697139525554839,746436995,0
2024-02-26,0.11770240556593242,746436995,0
2024-02-05,0.35625320105884656,7405700714,3
2024-02-12,0.5300495442577662,7405700714,1
2024-02-19,2.488625199644869,7405700714,3
2024-02-26,4.887122853960933,7405700714,5
2024-02-05,0.05775336790771145,44942965112,0
2024-02-12,0.08340244892498422,44942965112,0
2024-02-19,0.0464950347522915,44942965112,0
2024-02-26,0.008620756742464805,44942965112,0
2024-02-05,1.943542280830053,15766844963,1
2024-02-12,2.31190481129044,15766844963,2
2024-02-19,2.4981321156851806,15766844963,1
2024-02-26,2.3461119715014966,15766844963,1
2024-02-05,-0.01597188329985108,45132580164,0
2024-02-12,-0.01293136863869998,45132580164,0
2024-02-19,0.07403150596052278,45132580164,0
2024-02-26,0.1472637457691473,45132580164,0
2024-02-05,0.3388419312579352,45132656942,0
2024-02-12,0.2672065305300744,45132656942,0
2024-02-19,0.32622566505220973,45132656942,0
2024-02-26,0.4012014504859912,45132656942,0
2024-02-05,3.491287899425627,9629394497,0
2024-02-12,3.8995835176496687,9629394497,0
2024-02-19,3.4061672352327896,9629394497,0
2024-02-26,2.2472216104284755,9629394497,0
2024-02-05,1.7694578437282837,4723833696,0
2024-02-12,2.030159764706582,4723833696,3
2024-02-19,1.7032381093866782,4723833696,1
2024-02-26,0.8951975345115821,4723833696,2
2024-02-05,0.6144712619158512,4723910471,0
2024-02-12,0.35260379799995967,4723910471,0
2024-02-19,0.4194105056616291,4723910471,0
2024-02-26,0.9205969124354905,4723910471,0
2024-02-05,3.2530605952139187,4723938440,3
2024-02-12,3.6285899623349174,4723938440,8
2024-02-19,2.754202952626833,4723938440,2
2024-02-26,1.454165228947696,4723938440,3
2024-02-05,0.24946441368494376,4724133655,0
2024-02-12,0.6406851794302453,4724133655,1
2024-02-19,0.9236323925828005,4724133655,4
2024-02-26,0.7871431303865783,4724133655,0
2024-02-05,0.041321232054645565,45290923710,0
2024-02-12,0.11834212337269429,45290923710,0
2024-02-19,0.11509484369072717,45290923710,0
2024-02-26,0.0553412688358514,45290923710,0
2024-02-05,0.0256890621997524,45386498618,0
2024-02-12,-0.0005253836067631162,45386498618,0
2024-02-19,0.0011777095831456488,45386498618,0
2024-02-26,0.031368514950820436,45386498618,0
2024-02-05,-0.022562185096745527,45386576968,0
2024-02-12,-0.033196999980087794,45386576968,0
2024-02-19,0.010739969047412132,45386576968,0
2024-02-26,0.053051913252016775,45386576968,0
2024-02-05,0.00455440395581104,45386581155,0
2024-02-12,-0.006369560049871638,45386581155,0
2024-02-19,-0.0020229861121584276,45386581155,0
2024-02-26,0.011938322241115023,45386581155,0
2024-02-05,0.12421724658321316,45386584131,0
2024-02-12,0.06770759779161444,45386584131,0
2024-02-19,0.017597470447716555,45386584131,0
2024-02-26,0.0031307172754252155,45386584131,0
2024-02-05,1.7486438500156218,598294111,1
2024-02-12,0.8055922716158508,598294111,0
2024-02-19,0.10264919015008733,598294111,0
2024-02-26,-0.05630597953048555,598294111,1
2024-02-05,0.9127082750713833,5982960035,1
2024-02-12,-0.725658262505454,5982960035,0
2024-02-19,-1.0161419796164606,5982960035,0
2024-02-26,0.3796660399569052,5982960035,0
2024-02-05,0.21864978924459133,598302302,0
2024-02-12,0.3426869226807398,598302302,2
2024-02-19,0.3140319720869352,598302302,0
2024-02-26,0.17531602564019866,598302302,0
2024-02-05,0.020700220768919288,5996489657,0
2024-02-12,0.01133789582052019,5996489657,0
2024-02-19,-0.026740572346761915,5996489657,0
2024-02-26,-0.0380140177424042,5996489657,0
2024-02-05,1.1826648946186398,5996490387,0
2024-02-12,0.7798778219239425,5996490387,0
2024-02-19,0.3624502569463489,5996490387,1
2024-02-26,0.1701216677615598,5996490387,0
2024-02-05,-0.1085027955304314,5996537271,0
2024-02-12,-0.17147479323663106,5996537271,0
2024-02-19,-0.08411756295681017,5996537271,0
2024-02-26,0.026609485295678414,5996537271,0
2024-02-05,2.3351663175603115,599653937,0
2024-02-12,1.9547178068743918,599653937,2
2024-02-19,1.0528214959339781,599653937,0
2024-02-26,0.1461385276313223,599653937,1
2024-02-05,0.3432125138852422,5996540711,0
2024-02-12,0.0336885558169544,5996540711,0
2024-02-19,-0.12309352313446142,5996540711,0
2024-02-26,0.12504119978306516,5996540711,0
2024-02-05,1.7145572263782558,5996552646,0
2024-02-12,0.8911274462914607,5996552646,0
2024-02-19,0.2964088988670133,5996552646,0
2024-02-26,0.5710083925043563,5996552646,0
2024-02-05,-0.0034701905006913336,5996815882,0
2024-02-12,0.07767580836331192,5996815882,0
2024-02-19,0.07509693842262417,5996815882,0
2024-02-26,-0.00024284458711455043,5996815882,0
2024-02-05,1.1576859856662947,5996820047,2
2024-02-12,1.1237761351431668,5996820047,0
2024-02-19,0.6241207002421518,5996820047,0
2024-02-26,0.07583045103771602,5996820047,0
2024-02-05,0.4218672437983842,5996899120,0
2024-02-12,0.43950880875488896,5996899120,0
2024-02-19,0.2776833418932143,5996899120,0
2024-02-26,0.07098209728277743,5996899120,0
2024-02-05,-0.02681153935716111,5996932035,0
2024-02-12,-0.03099235728285587,5996932035,0
2024-02-19,-0.001171406886999642,5996932035,0
2024-02-26,0.020313026245748413,5996932035,0
2024-02-05,0.299857919688686,5996937634,0
2024-02-12,0.4765479066912309,5996937634,0
2024-02-19,0.31035110199726523,5996937634,1
2024-02-26,0.05384100294986238,5996937634,0
2024-02-05,-0.037096691968953946,5996941129,0
2024-02-12,0.14625775751742454,5996941129,0
2024-02-19,0.49712894293158116,5996941129,0
2024-02-26,0.7221126333992232,5996941129,4
2024-02-05,1.0078103921858501,599703217,0
2024-02-12,1.550353741331108,599703217,0
2024-02-19,2.340251616813586,599703217,0
2024-02-26,2.4756466077449995,599703217,0
2024-02-05,-0.034587754141793645,20377431146,0
2024-02-12,0.055818447454809295,20377431146,0
2024-02-19,0.16631339995725652,20377431146,0
2024-02-26,0.19661816103542643,20377431146,1
2024-02-05,-0.08393380985194351,45431124522,0
2024-02-12,0.006854599616778312,45431124522,0
2024-02-19,0.14250811061568364,45431124522,0
2024-02-26,0.16945876671159119,45431124522,0
2024-02-05,0.2855035695876175,24738070995,2
2024-02-12,0.23733711862542145,24738070995,0
2024-02-19,0.20445552758296856,24738070995,0
2024-02-26,0.20180336857371234,24738070995,0
2024-02-05,0.40391055596948583,24738579136,0
2024-02-12,0.3774920755132863,24738579136,0
2024-02-19,0.30513682476276494,24738579136,1
2024-02-26,0.27266208195300345,24738579136,0
2024-02-05,0.41439206129064227,33571814593,0
2024-02-12,0.9982633455639631,33571814593,2
2024-02-19,1.3317490190488677,33571814593,0
2024-02-26,1.236113665222955,33571814593,0
2024-02-05,0.8800013102239159,33750536246,0
2024-02-12,0.38186304339188726,33750536246,0
2024-02-19,0.039809193562603706,33750536246,0
2024-02-26,0.02494583924059776,33750536246,0
2024-02-05,-0.0822462885630782,33750613973,0
2024-02-12,0.6668556605174759,33750613973,0
2024-02-19,1.045994053451632,33750613973,1
2024-02-26,0.6762065694314972,33750613973,1
2024-02-05,44.15505243809239,34126797120,33
2024-02-12,40.87500772931716,34126797120,40
2024-02-19,36.36085274329344,34126797120,29
2024-02-26,37.147914049607714,34126797120,39
2024-02-05,40.223151449838184,34126805261,47
2024-02-12,39.13380925442996,34126805261,45
2024-02-19,39.25329506270636,34126805261,42
2024-02-26,41.68425995097105,34126805261,44
2024-02-05,1.3919145765346488,45995668920,0
2024-02-12,0.5354556807131887,45995668920,0
2024-02-19,-0.10412295733145405,45995668920,0
2024-02-26,-0.022073159303644285,45995668920,0
2024-02-05,0.2199989971083874,25223257610,0
2024-02-12,0.03410332677585415,25223257610,0
2024-02-19,0.003345840171389544,25223257610,0
2024-02-26,0.10418810313889008,25223257610,0
2024-02-05,0.28074151683535054,25223743696,0
2024-02-12,0.37615895544275624,25223743696,0
2024-02-19,0.41846058128552843,25223743696,0
2024-02-26,0.3457140340431869,25223743696,0
2024-02-05,0.06792309126613497,25223744190,0
2024-02-12,0.1455400081658701,25223744190,1
2024-02-19,0.18859048843816603,25223744190,0
2024-02-26,0.11171431768932746,25223744190,0
2024-02-05,0.2648778204827303,25671218131,0
2024-02-12,-0.03912659044687411,25671218131,0
2024-02-19,-0.19553011278904425,25671218131,0
2024-02-26,0.005775723014106421,25671218131,0
2024-02-05,0.5342501542961,25671218642,0
2024-02-12,0.09292305307783622,25671218642,0
2024-02-19,-0.002413810631524349,25671218642,1
2024-02-26,0.33597313983321375,25671218642,1
2024-02-05,0.004873468726483796,40000050358,0
2024-02-12,0.03488517294969474,40000050358,0
2024-02-19,0.035400780419910516,40000050358,0
2024-02-26,-0.0018495228437687,40000050358,0
2024-02-05,0.5855020297127457,40154920524,0
2024-02-12,1.1175810544671374,40154920524,1
2024-02-19,1.308078043996685,40154920524,3
2024-02-26,1.0900165486040132,40154920524,2
2024-02-05,0.865603165710086,40154921194,1
2024-02-12,0.6372915686058419,40154921194,2
2024-02-19,0.6860261843411205,40154921194,1
2024-02-26,0.7958254814232153,40154921194,1
2024-02-05,0.10412260840251197,35281682198,0
2024-02-12,0.11966570439572093,35281682198,0
2024-02-19,0.11536035633896706,35281682198,0
2024-02-26,0.10195331643316533,35281682198,0
2024-02-05,1.869120841431569,35418350431,3
2024-02-12,2.175373696057106,35418350431,1
2024-02-19,1.7390747450616346,35418350431,3
2024-02-26,0.9784338352359772,35418350431,0
2024-02-05,0.015766555844433636,43159436683,0
2024-02-12,0.005323852164461025,43159436683,0
2024-02-19,0.0038863860448844767,43159436683,0
2024-02-26,0.01700278361278071,43159436683,0
2024-02-05,2.2562719777800044,35760802213,3
2024-02-12,2.806654419435681,35760802213,5
2024-02-19,2.883723623006567,35760802213,4
2024-02-26,2.4340556872341956,35760802213,1
2024-02-05,2.274973514788792,35760805589,5
2024-02-12,1.5835770416800439,35760805589,2
2024-02-19,1.291838184257006,35760805589,4
2024-02-26,1.3521973135654046,35760805589,0
2024-02-05,0.8711463912811529,35760806438,1
2024-02-12,0.7702895772528072,35760806438,0
2024-02-19,0.26583287727719707,35760806438,0
2024-02-26,-0.13813033024931093,35760806438,0
2024-02-05,3.4281139534077107,35760808536,7
2024-02-12,4.087795887027777,35760808536,3
2024-02-19,4.212019685971805,35760808536,0
2024-02-26,4.255077696286836,35760808536,16
2024-02-05,0.43293793704642525,35760809177,0
2024-02-12,0.9234790319947417,35760809177,0
2024-02-19,1.8779954588240337,35760809177,0
2024-02-26,2.450433538420168,35760809177,3
2024-02-05,0.29100225301500804,3576081009,0
2024-02-12,0.1802495568393172,3576081009,0
2024-02-19,0.07025472887832042,3576081009,0
2024-02-26,0.04314926827977159,3576081009,0
2024-02-05,0.09260287271421014,35760810972,0
2024-02-12,0.2766394085444227,35760810972,1
2024-02-19,0.431164674015102,35760810972,0
2024-02-26,0.4756489414642043,35760810972,0
2024-02-05,2.1461619712581492,3577564803,1
2024-02-12,2.415887833520977,3577564803,2
2024-02-19,2.319859345016641,3577564803,4
2024-02-26,2.3345141162017597,3577564803,2
2024-02-05,0.07819548255226928,35846511668,1
2024-02-12,0.18342110850857749,35846511668,0
2024-02-19,0.3131987209384022,35846511668,1
2024-02-26,0.24947005490992583,35846511668,0
2024-02-05,0.038404586145725596,43292170418,0
2024-02-12,0.030790139048243726,43292170418,0
2024-02-19,0.008522813933677896,43292170418,0
2024-02-26,0.0029608646876894754,43292170418,0
2024-02-05,0.007731385468125598,43292170792,0
2024-02-12,-0.009375113192225601,43292170792,0
2024-02-19,-0.002900918932963202,43292170792,0
2024-02-26,0.01993797535693725,43292170792,0
2024-02-05,0.1795541112575101,43464179063,0
2024-02-12,0.10393582515532529,43464179063,0
2024-02-19,0.02932165550790579,43464179063,0
2024-02-26,0.0193664641539395,43464179063,0
2024-02-05,1.7035663321257155,41273567751,2
2024-02-12,2.470411934635624,41273567751,4
2024-02-19,3.0069051295405105,41273567751,3
2024-02-26,3.146299551570899,41273567751,8
2024-02-05,0.8391501322306272,41273568614,1
2024-02-12,0.8527047821837249,41273568614,1
2024-02-19,0.6679441788069873,41273568614,1
2024-02-26,0.6159524876633434,41273568614,0
2024-02-05,0.401531736889175,41276985638,1
2024-02-12,0.418922574572686,41276985638,0
2024-02-19,0.39352483745723454,41276985638,1
2024-02-26,0.45140125107210033,41276985638,0
2024-02-05,1.7987060119356002,41491392694,0
2024-02-12,2.5023760098587555,41491392694,2
2024-02-19,2.8541237629472547,41491392694,3
2024-02-26,2.7312811967474637,41491392694,1
2024-02-05,1.4370394760585645,41491392968,0
2024-02-12,1.260205761821185,41491392968,0
2024-02-19,0.8362075864360621,41491392968,0
2024-02-26,0.7221843565146229,41491392968,0
2024-02-05,0.565787237715226,41491393273,0
2024-02-12,0.9676313903615784,41491393273,0
2024-02-19,1.4883406496434541,41491393273,1
2024-02-26,1.6710592596174216,41491393273,1
2024-02-05,0.38297204958953235,41491394123,0
2024-02-12,0.283320824596207,41491394123,0
2024-02-19,0.47758434580018216,41491394123,0
2024-02-26,0.8732398199872915,41491394123,0
2024-02-05,0.23599326045951918,41513223318,0
2024-02-12,0.5390860444239748,41513223318,0
2024-02-19,0.4010168682274571,41513223318,0
2024-02-26,0.07744250661369567,41513223318,0
2024-02-05,0.10325441932511262,41514786616,0
2024-02-12,0.2045657033097768,41514786616,0
2024-02-19,0.15636809135000748,41514786616,0
2024-02-26,0.0599105395694825,41514786616,0
2024-02-05,0.10622344177174592,41515050363,0
2024-02-12,0.30835273552382125,41515050363,0
2024-02-19,0.3553517309756016,41515050363,0
2024-02-26,0.26064464516166536,41515050363,0
2024-02-05,0.1835227963302981,33252040650,0
2024-02-12,0.030974773370561426,33252040650,0
2024-02-19,-0.068989249017962,33252040650,0
2024-02-26,-0.1003193425275879,33252040650,0
2024-02-05,1.4425864434267592,33258093744,0
2024-02-12,0.9254878524510415,33258093744,0
2024-02-19,0.25918324104118806,33258093744,0
2024-02-26,-0.08686354958395359,33258093744,0
2024-02-05,0.4922798423954551,33258116228,0
2024-02-12,0.6390979159706566,33258116228,0
2024-02-19,0.6080719546446903,33258116228,2
2024-02-26,0.33034039604348214,33258116228,0
2024-02-05,0.3899801233819505,33258136093,1
2024-02-12,0.4434888313094884,33258136093,0
2024-02-19,0.5765179584443968,33258136093,0
2024-02-26,0.5940232254332505,33258136093,0
2024-02-05,0.13047487891422466,33300624449,0
2024-02-12,0.04133930632535893,33300624449,0
2024-02-19,0.1127083812192316,33300624449,1
2024-02-26,0.05241228056777303,33300624449,0
2024-02-05,1.6825584855293607,33300985333,2
2024-02-12,2.1620133227786535,33300985333,1
2024-02-19,2.1873359910686485,33300985333,4
2024-02-26,1.6609106145574548,33300985333,2
2024-02-05,0.19468576218741074,27095798175,0
2024-02-12,0.3841909549322233,27095798175,2
2024-02-19,0.3052861603249388,27095798175,0
2024-02-26,0.0605477551954996,27095798175,1
2024-02-05,0.7406068808827898,2709580011,1
2024-02-12,0.3103044581614063,2709580011,0
2024-02-19,0.7954322142952973,2709580011,1
2024-02-26,1.6443248512077644,2709580011,1
2024-02-05,0.28931627558991685,27095801676,0
2024-02-12,0.1842844864802972,27095801676,0
2024-02-19,-0.10241699584358736,27095801676,0
2024-02-26,-0.13821865839100242,27095801676,0
2024-02-05,0.1002370860761268,2709580215,0
2024-02-12,0.3273467616452381,2709580215,0
2024-02-19,0.3796558232808158,2709580215,0
2024-02-26,0.2635002347698965,2709580215,0
2024-02-05,0.5219014310221026,27095803613,0
2024-02-12,0.4509990911078293,27095803613,0
2024-02-19,0.3152650036452384,27095803613,0
2024-02-26,0.3155817797205772,27095803613,0
2024-02-05,0.3952432885354946,27095804199,0
2024-02-12,0.6221704261473633,27095804199,2
2024-02-19,0.667187072444448,27095804199,1
2024-02-26,0.5766767988409786,27095804199,1
2024-02-05,1.4927437018296779,27095805681,0
2024-02-12,1.3329973050678607,27095805681,4
2024-02-19,0.9411355222539683,27095805681,0
2024-02-26,0.5701653934457281,27095805681,0
2024-02-05,0.5299252389488045,27095807110,1
2024-02-12,0.26027577780537703,27095807110,2
2024-02-19,0.2967678132799705,27095807110,0
2024-02-26,0.7568951497184018,27095807110,0
2024-02-05,2.9138191561206703,27095807671,2
2024-02-12,2.8276737842872754,27095807671,2
2024-02-19,2.892033209070523,27095807671,3
2024-02-26,3.4002793342220987,27095807671,0
2024-02-05,0.4150674200817476,27095808173,0
2024-02-12,0.42308227423958034,27095808173,1
2024-02-19,0.18042732128554745,27095808173,0
2024-02-26,-0.09501715648079537,27095808173,0
2024-02-05,0.20828492778104657,27095808692,0
2024-02-12,0.03423377056300758,27095808692,0
2024-02-19,-0.14845986195494376,27095808692,0
2024-02-26,-0.22777335023433842,27095808692,0
2024-02-05,0.004405337429009004,27095809660,0
2024-02-12,0.11485362246154496,27095809660,0
2024-02-19,0.1340889903337611,27095809660,0
2024-02-26,0.01635045741293198,27095809660,0
2024-02-05,1.237937592931393,27095810173,0
2024-02-12,5.146236913812498,27095810173,7
2024-02-19,7.0905718480528215,27095810173,20
2024-02-26,5.118680799751858,27095810173,1
2024-02-05,2.4786400111211933,27095810673,4
2024-02-12,3.4768099859450547,27095810673,1
2024-02-19,3.863234328286327,27095810673,3
2024-02-26,3.501565094573636,27095810673,2
2024-02-05,0.06418660114794902,27095811177,0
2024-02-12,0.14468402946708647,27095811177,0
2024-02-19,0.2582621561910243,27095811177,0
2024-02-26,0.3269938735038128,27095811177,1
2024-02-05,0.19996678922069788,27095812646,1
2024-02-12,0.07090158883628606,27095812646,0
2024-02-19,0.24250014079067794,27095812646,0
2024-02-26,0.3936560583334964,27095812646,0
2024-02-05,0.10138990403888318,27095813697,0
2024-02-12,-0.005061314623376632,27095813697,0
2024-02-19,-0.11077044193573415,27095813697,0
2024-02-26,-0.06301923324447975,27095813697,0
2024-02-05,0.27109204944557974,27095814149,0
2024-02-12,0.3249967870206738,27095814149,1
2024-02-19,0.36292707420693326,27095814149,0
2024-02-26,0.4564319742429504,27095814149,0
2024-02-05,0.01624621278267341,43583432373,0
2024-02-12,0.022049945516745155,43583432373,0
2024-02-19,0.009554943536737316,43583432373,0
2024-02-26,-0.0023456679511436873,43583432373,0
2024-02-05,0.7204004419575183,41603545216,1
2024-02-12,1.1433065551969086,41603545216,1
2024-02-19,1.2952559101862309,41603545216,1
2024-02-26,1.2297215121196046,41603545216,2
2024-02-05,0.06751832031058991,41604602159,0
2024-02-12,-0.0347469260025105,41604602159,0
2024-02-19,0.24710547430954832,41604602159,0
2024-02-26,0.5208834273084888,41604602159,0
2024-02-05,0.1708527910285812,41605550723,0
2024-02-12,0.13206800827642062,41605550723,0
2024-02-19,0.24150327460563153,41605550723,0
2024-02-26,0.3729010387832505,41605550723,0
2024-02-05,1.1780596785355042,4166277217,1
2024-02-12,1.548947801441904,4166277217,1
2024-02-19,1.7602766076218366,4166277217,1
2024-02-26,1.670569654314321,4166277217,0
2024-02-05,0.5983090992056839,41662780238,2
2024-02-12,1.0710417786643958,41662780238,0
2024-02-19,1.3213054518662686,41662780238,1
2024-02-26,1.136249498179735,41662780238,3
2024-02-05,4.747535020124104,41662784784,4
2024-02-12,5.644611651851707,41662784784,2
2024-02-19,6.369376163351308,41662784784,4
2024-02-26,7.067616934833449,41662784784,5
2024-02-05,0.8110239380414059,41662829751,0
2024-02-12,1.8647152847636774,41662829751,1
2024-02-19,2.6703411735549856,41662829751,3
2024-02-26,2.9299022963682866,41662829751,2
2024-02-05,-0.01001226833289788,43675356591,0
2024-02-12,0.04659967711725269,43675356591,0
2024-02-19,0.06779798434071524,43675356591,0
2024-02-26,0.04742577011074252,43675356591,0
2024-02-05,0.024159323898440437,43675357153,0
2024-02-12,0.023521902779245166,43675357153,0
2024-02-19,0.005957405132405322,43675357153,0
2024-02-26,-0.0028351555547688895,43675357153,0
2024-02-05,0.31843970328282745,43675357762,0
2024-02-12,0.4621081108842807,43675357762,0
2024-02-19,0.6020089048541835,43675357762,0
2024-02-26,0.6063285558723115,43675357762,0
2024-02-05,0.05399980433646645,43675358311,0
2024-02-12,0.2514338144050079,43675358311,0
2024-02-19,0.39280226674496377,43675358311,0
2024-02-26,0.34849137426816423,43675358311,0
2024-02-05,-0.038119803399526614,43675358612,0
2024-02-12,0.04315272469689779,43675358612,0
2024-02-19,0.168010605227302,43675358612,0
2024-02-26,0.201203497504126,43675358612,0
2024-02-05,-0.003824763781476285,43675358930,0
2024-02-12,0.011402302094874027,43675358930,0
2024-02-19,0.01696785209952844,43675358930,0
2024-02-26,0.006684722738033903,43675358930,0
2024-02-05,-0.1952891592408843,43675359537,0
2024-02-12,0.18587147285561045,43675359537,0
2024-02-19,0.7324887341969958,43675359537,0
2024-02-26,0.8412838605111892,43675359537,0
2024-02-05,0.057251422857536996,46873197417,0
2024-02-12,0.03126281322784594,46873197417,0
2024-02-19,-0.0030143162799133386,46873197417,0
2024-02-26,-0.0002407482652774101,46873197417,0
2024-02-05,0.11837541058858651,33750578247,0
2024-02-12,0.08867056127315943,33750578247,0
2024-02-19,0.01862872980926272,33750578247,0
2024-02-26,-0.04634023733249617,33750578247,0
2024-02-05,0.05603532501069686,41844855933,0
2024-02-12,0.01812672744254351,41844855933,0
2024-02-19,0.1522193911113896,41844855933,0
2024-02-26,0.42805146822009454,41844855933,0
2024-02-05,-0.0009934432383508843,41844856242,0
2024-02-12,0.021554576145141148,41844856242,0
2024-02-19,0.03528629134893059,41844856242,0
2024-02-26,0.014890158491588687,41844856242,0
2024-02-05,2.3415660305211228,41859075396,0
2024-02-12,3.066694459981428,41859075396,0
2024-02-19,3.5827318794266487,41859075396,0
2024-02-26,3.687904381771266,41859075396,0
2024-02-05,0.2956284251003274,41911704936,0
2024-02-12,0.10428334260021704,41911704936,0
2024-02-19,0.10758200014241892,41911704936,0
2024-02-26,0.2704375622867666,41911704936,0
2024-02-05,0.004123460529136605,41931934851,0
2024-02-12,-0.016347407915764552,41931934851,0
2024-02-19,-0.007326618145302787,41931934851,0
2024-02-26,0.025060909163588132,41931934851,0
2024-02-05,0.36058444296007786,47035596434,0
2024-02-12,0.1296368010289738,47035596434,0
2024-02-19,-0.039522192875291726,47035596434,0
2024-02-26,-0.04644184516954036,47035596434,0
2024-02-05,-0.015088537889213008,47035596938,0
2024-02-12,0.019280080504924055,47035596938,0
2024-02-19,0.03287478590211139,47035596938,0
2024-02-26,0.016629652196769474,47035596938,0
2024-02-05,0.0926220457096395,47035597416,0
2024-02-12,0.02818546097763435,47035597416,0
2024-02-19,0.006551066226258576,47035597416,0
2024-02-26,0.017790588078808137,47035597416,0
2024-02-05,0.11715013135121213,47035597915,0
2024-02-12,0.009011859759660026,47035597915,0
2024-02-19,-0.005172113638925016,47035597915,0
2024-02-26,0.03693154242187993,47035597915,0
2024-02-05,0.37441944312224384,47035598475,0
2024-02-12,0.10038236626509014,47035598475,0
2024-02-19,-0.06186577305925833,47035598475,0
2024-02-26,-0.038316854923793484,47035598475,0
2024-02-05,0.3578337738183328,47035598960,0
2024-02-12,-0.013263898797983065,47035598960,0
2024-02-19,-0.08877928041415678,47035598960,0
2024-02-26,0.06050019316048867,47035598960,0
2024-02-05,1.2269325569924276,47035599495,0
2024-02-12,0.3828477226741432,47035599495,0
2024-02-19,-0.16382034491147573,47035599495,0
2024-02-26,-0.12927671385835415,47035599495,0
2024-02-05,1.383364734238371,47035599949,0
2024-02-12,0.3114903323499358,47035599949,0
2024-02-19,-0.16936136617394076,47035599949,0
2024-02-26,0.02588404467949723,47035599949,0
2024-02-05,0.31315872212725865,47035600918,0
2024-02-12,0.09388277385202706,47035600918,0
2024-02-19,-0.01729263059086246,47035600918,0
2024-02-26,0.0018169047094874768,47035600918,0
2024-02-05,0.49867680838947115,47035601421,0
2024-02-12,0.054100462688649154,47035601421,0
2024-02-19,0.0899286440689871,47035601421,0
2024-02-26,0.2877875041407797,47035601421,0
2024-02-05,0.5191647933047119,47035601997,0
2024-02-12,0.08578995683990867,47035601997,0
2024-02-19,-0.03785713684427172,47035601997,0
2024-02-26,0.08500197465179654,47035601997,0
2024-02-05,0.28451482307492204,4203509252,0
2024-02-12,0.19316448116192342,4203509252,0
2024-02-19,0.08470319726821696,4203509252,0
2024-02-26,0.10524311520810514,4203509252,0
2024-02-05,0.10781137408126618,42041590570,0
2024-02-12,0.08426476175689357,42041590570,0
2024-02-19,0.1303488035734427,42041590570,0
2024-02-26,0.23807565550918333,42041590570,0
2024-02-05,0.053844398777093905,43904595253,0
2024-02-12,0.1289740643751223,43904595253,0
2024-02-19,0.21043933346182073,43904595253,0
2024-02-26,0.22263276059142226,43904595253,0
2024-02-05,-0.0018707003743099748,43904694832,0
2024-02-12,0.012786559473254022,43904694832,0
2024-02-19,0.13493244084646355,43904694832,0
2024-02-26,0.23146174730270647,43904694832,0
2024-02-05,7.170610416970535e-05,4391268112,0
2024-02-12,0.023705115918415058,4391268112,0
2024-02-19,0.05323804636315627,4391268112,0
2024-02-26,0.059108140275980166,4391268112,0
2024-02-05,0.03853469313081695,43913912032,0
2024-02-12,0.057230698714666114,43913912032,0
2024-02-19,0.03191697554223438,43913912032,0
2024-02-26,0.003832960692375348,43913912032,0
2024-02-05,0.04863585354514802,4709870548,0
2024-02-12,0.033359585726392485,4709870548,0
2024-02-19,0.060841255050619825,4709870548,0
2024-02-26,0.0686282351287475,4709870548,0
2024-02-05,0.1483342833329598,42200461570,0
2024-02-12,0.09172877522781951,42200461570,0
2024-02-19,-0.062301279694130185,42200461570,0
2024-02-26,-0.06059930067531655,42200461570,0
2024-02-05,0.057088943655472485,42332432433,0
2024-02-12,0.15063671438174214,42332432433,0
2024-02-19,0.1953657453411332,42332432433,0
2024-02-26,0.15768143407893223,42332432433,0
2024-02-05,0.06837495988804837,42332432797,0
2024-02-12,0.0815660626524016,42332432797,0
2024-02-19,0.13428802391286615,42332432797,0
2024-02-26,0.13879432575332545,42332432797,0
2024-02-05,0.20935865395222697,42332433059,0
2024-02-12,0.20079589691845504,42332433059,0
2024-02-19,0.10327833804889652,42332433059,0
2024-02-26,0.07442829134453322,42332433059,0
2024-02-05,-0.004104116099413135,42332433314,0
2024-02-12,0.03316322521573553,42332433314,0
2024-02-19,0.10652528027164132,42332433314,0
2024-02-26,0.12898819038810894,42332433314,0
2024-02-05,0.0824708322286114,4233243369,0
2024-02-12,0.2050695351463172,4233243369,0
2024-02-19,0.4999248342330315,4233243369,0
2024-02-26,0.6867723397966548,4233243369,0
2024-02-05,0.03531066396022059,42332433924,0
2024-02-12,0.06416349809925202,42332433924,0
2024-02-19,0.06738537256656006,42332433924,0
2024-02-26,0.04872441860816905,42332433924,0
2024-02-05,0.3072042437262096,4244979510,0
2024-02-12,0.2841473733409736,4244979510,0
2024-02-19,0.2985585998201734,4244979510,0
2024-02-26,0.47853057499002505,4244979510,0
2024-02-05,0.1739053239853252,4396560443,0
2024-02-12,0.03408741231499779,4396560443,0
2024-02-19,0.061869510621763824,4396560443,0
2024-02-26,0.24531049181170006,4396560443,0
2024-02-05,0.0341368119754017,43965614940,0
2024-02-12,-0.005121674603436904,43965614940,0
2024-02-19,-0.005871129255391773,43965614940,0
2024-02-26,0.015227950640917077,43965614940,0
2024-02-05,1.0431001888696045,43987972199,0
2024-02-12,0.9178485650628494,43987972199,0
2024-02-19,0.5199269754448608,43987972199,0
2024-02-26,0.24675966552221262,43987972199,0
2024-02-05,-0.01873617979023945,43990125856,0
2024-02-12,0.0750263399150023,43990125856,0
2024-02-19,0.6140606734562998,43990125856,0
2024-02-26,0.8488941005243447,43990125856,0
2024-02-05,-0.004283448067909312,43992266349,0
2024-02-12,0.11831702080754108,43992266349,0
2024-02-19,0.2269110333739527,43992266349,0
2024-02-26,0.2318772212159682,43992266349,0
2024-02-05,0.009154926126404334,42931106661,0
2024-02-12,0.014466652512107516,42931106661,0
2024-02-19,0.006323890516369281,42931106661,0
2024-02-26,-0.003822306437479028,42931106661,0
2024-02-05,-0.0397284603988064,44126860168,0
2024-02-12,-0.002414466716714192,44126860168,0
2024-02-19,0.1475845574908043,44126860168,0
2024-02-26,0.23205551347301306,44126860168,0
2024-02-05,0.12019481432002596,47556470434,0
2024-02-12,0.04321226700965793,47556470434,0
2024-02-19,-0.01317406429176391,47556470434,0
2024-02-26,-0.01548061505651345,47556470434,0
2024-02-05,0.07299722524285093,44183603616,0
2024-02-12,0.060380499248275224,44183603616,0
2024-02-19,0.03741449389473436,44183603616,0
2024-02-26,0.04733657849522796,44183603616,0
2024-02-05,-0.0036246201335113776,42997350212,0
2024-02-12,-0.01591664259702108,42997350212,0
2024-02-19,0.0070313781493387024,42997350212,0
2024-02-26,0.04055143653731236,42997350212,0
2024-02-05,-0.01457254031074405,42997355673,0
2024-02-12,0.00555443218172965,42997355673,0
2024-02-19,0.03325073651383762,42997355673,0
2024-02-26,0.03277290492544238,42997355673,0
2024-02-05,0.015393936877716865,42997361992,0
2024-02-12,-0.024216995159364603,42997361992,0
2024-02-19,-0.0037296856348541033,42997361992,0
2024-02-26,0.03209516875421286,42997361992,0
2024-02-05,0.009815141290105925,42997363795,0
2024-02-12,0.0156911670972901,42997363795,0
2024-02-19,0.007399960866244843,42997363795,0
2024-02-26,-0.0030355677232396655,42997363795,0
2024-02-05,0.03679932193399237,42997366151,0
2024-02-12,0.03688596980536113,42997366151,0
2024-02-19,0.02001842027316384,42997366151,0
2024-02-26,0.014199588743426764,42997366151,0
2024-02-05,0.008752593454069785,42997370010,0
2024-02-12,0.05004861720988288,42997370010,0
2024-02-19,0.1286938123014419,42997370010,0
2024-02-26,0.14497572326665414,42997370010,0
2024-02-05,0.1981612286495008,42997376375,0
2024-02-12,0.14379827358807384,42997376375,0
2024-02-19,0.1989789666473032,42997376375,0
2024-02-26,0.3505031431732926,42997376375,0
2024-02-05,0.5894145664438146,42997389826,0
2024-02-12,0.8108769739314388,42997389826,0
2024-02-19,0.5499279402369533,42997389826,0
2024-02-26,0.22691959320943222,42997389826,0
2024-02-05,0.4583058766319139,42997394698,0
2024-02-12,0.4022666732258483,42997394698,0
2024-02-19,0.47399840211699706,42997394698,0
2024-02-26,0.6817162484397105,42997394698,0
2024-02-05,0.08736546150025526,42997397695,0
2024-02-12,0.2577279388113888,42997397695,0
2024-02-19,0.5620519037824278,42997397695,0
2024-02-26,0.6714497463782607,42997397695,0
2024-02-05,1.0045304007233788,42997399776,0
2024-02-12,2.0942760944770717,42997399776,0
2024-02-19,1.764777108615931,42997399776,0
2024-02-26,0.8064766545025375,42997399776,0
2024-02-05,0.327012315976281,42997403955,0
2024-02-12,0.2512759469774939,42997403955,0
2024-02-19,0.15155616943457068,42997403955,0
2024-02-26,0.1569203620339284,42997403955,0
2024-02-05,0.9305723204705405,42997424093,0
2024-02-12,0.7327174502908183,42997424093,0
2024-02-19,0.5039401552954467,42997424093,0
2024-02-26,0.49636792709482325,42997424093,0
2024-02-05,1.38953345180362,42997426167,0
2024-02-12,1.0357307363381223,42997426167,0
2024-02-19,0.803143276348222,42997426167,0
2024-02-26,0.7770354786038478,42997426167,0
2024-02-05,2.117598323695446,27878669323,3
2024-02-12,2.74180865116192,27878669323,5
2024-02-19,2.9688009337521826,27878669323,3
2024-02-26,2.6935965822177423,27878669323,7
2024-02-05,0.012768533560101991,27878726372,1
2024-02-12,0.04107665953826922,27878726372,0
2024-02-19,0.48638141459719075,27878726372,0
2024-02-26,0.7182873607365006,27878726372,0
2024-02-05,-0.3310825094257597,2787887686,0
2024-02-12,0.42979591087283886,2787887686,1
2024-02-19,0.9476727928005655,2787887686,0
2024-02-26,0.7986892130145797,2787887686,5
2024-02-05,0.014151266221023303,44255064283,0
2024-02-12,0.005856435731728397,44255064283,0
2024-02-19,-0.004618686717312692,44255064283,0
2024-02-26,-0.0024867435646137564,44255064283,0
2024-02-05,0.028842523143544824,44255064557,0
2024-02-12,0.026962593730670358,44255064557,0
2024-02-19,0.015853008892930107,44255064557,0
2024-02-26,0.010964462480109467,44255064557,0
2024-02-05,0.01922035233294976,44255064844,0
2024-02-12,0.00718842968885899,44255064844,0
2024-02-19,-0.005118186492188658,44255064844,0
2024-02-26,-0.0008610889151922964,44255064844,0
2024-02-05,0.028625711428768498,44255065129,0
2024-02-12,0.01563140661392297,44255065129,0
2024-02-19,-0.0015071581399566693,44255065129,0
2024-02-26,-0.00012037413263870506,44255065129,0
2024-02-05,0.010857733511489831,44255065493,0
2024-02-12,-0.007037547069091182,44255065493,0
2024-02-19,0.025913805182280134,44255065493,0
2024-02-26,0.07489789424847076,44255065493,0
2024-02-05,-0.027455892013776097,44255065774,0
2024-02-12,-0.01500619451525409,44255065774,0
2024-02-19,0.019843594984163878,44255065774,0
2024-02-26,0.03345184525712959,44255065774,0
2024-02-05,5.438064476743257,35414490964,8
2024-02-12,6.738768619777538,35414490964,6
2024-02-19,7.2090138938102655,35414490964,3
2024-02-26,6.363394534152749,35414490964,3
2024-02-05,0.24542219268045273,28809186837,0
2024-02-12,0.19032697593015846,28809186837,0
2024-02-19,0.46291353134978463,28809186837,0
2024-02-26,0.6049499732523849,28809186837,0
2024-02-05,0.21727039671282433,28809187395,0
2024-02-12,0.12260347452372572,28809187395,0
2024-02-19,0.1578839546895028,28809187395,0
2024-02-26,0.22253751294021523,28809187395,1
2024-02-05,0.011934635815251414,28809187852,0
2024-02-12,0.05954954095841973,28809187852,0
2024-02-19,0.019478798135857144,28809187852,0
2024-02-26,-0.045512499451146965,28809187852,0
2024-02-05,0.46464648478534365,28809207396,0
2024-02-12,0.23824828759305916,28809207396,0
2024-02-19,-0.22521699010841612,28809207396,0
2024-02-26,-0.3100964853042888,28809207396,0
2024-02-05,0.6856314979460126,28809212359,0
2024-02-12,0.15687092444504847,28809212359,0
2024-02-19,-0.17547302645129093,28809212359,0
2024-02-26,-0.058141430602285826,28809212359,0
2024-02-05,0.2739575556807008,28809285342,0
2024-02-12,-0.135131438415284,28809285342,0
2024-02-19,-0.2665549913642753,28809285342,0
2024-02-26,-0.05211349889562142,28809285342,0
2024-02-05,0.06640699848692674,28809472364,0
2024-02-12,0.18964816988046063,28809472364,0
2024-02-19,0.2189999438145877,28809472364,1
2024-02-26,0.1378030319045011,28809472364,0
2024-02-05,0.5778287605812638,28809487326,0
2024-02-12,0.8349352336433871,28809487326,4
2024-02-19,0.7681837361664405,28809487326,0
2024-02-26,0.43694898418246597,28809487326,0
2024-02-05,0.015327827298174891,28809487836,0
2024-02-12,-0.04050382810330939,28809487836,0
2024-02-19,-0.05530616950756528,28809487836,0
2024-02-26,-0.013195286026214227,28809487836,0
2024-02-05,-0.03495562905504994,28809488890,0
2024-02-12,-0.007244114344559582,28809488890,0
2024-02-19,0.027641302785846783,28809488890,0
2024-02-26,0.026724454870112137,28809488890,0
2024-02-05,0.9357954994689945,28809489369,1
2024-02-12,1.6187063702698272,28809489369,1
2024-02-19,1.8284560607628753,28809489369,6
2024-02-26,1.421594107634062,28809489369,1
2024-02-05,1.1933675223001101,28809490329,0
2024-02-12,0.33882651957046694,28809490329,0
2024-02-19,-0.3060506838171733,28809490329,0
2024-02-26,-0.4924345244158749,28809490329,0
2024-02-05,1.3861335304636961,35760801349,1
2024-02-12,2.243293502285055,35760801349,3
2024-02-19,2.632043795829836,35760801349,2
2024-02-26,2.2232464344413967,35760801349,2
2024-02-05,1.6092166023948447,35760801674,3
2024-02-12,1.7222413500806086,35760801674,4
2024-02-19,1.632247705642385,35760801674,2
2024-02-26,1.3509976655674776,35760801674,1
2024-02-05,0.1820066579919154,35760801996,0
2024-02-12,0.33309501735483293,35760801996,0
2024-02-19,1.0508346565830862,35760801996,0
2024-02-26,1.7740821264198732,35760801996,0
2024-02-05,0.10093092784519565,35760802537,0
2024-02-12,0.08068487736470525,35760802537,0
2024-02-19,0.0714231851407405,35760802537,0
2024-02-26,0.0999155708476278,35760802537,1
2024-02-05,0.2696405430996067,35760802857,0
2024-02-12,0.2502572617256325,35760802857,0
2024-02-19,0.2578845506421783,35760802857,0
2024-02-26,0.22849974198225004,35760802857,1
2024-02-05,0.07438967870385374,35760803117,0
2024-02-12,-0.03934245475535845,35760803117,0
2024-02-19,-0.07661694196176352,35760803117,0
2024-02-26,0.017961004947366844,35760803117,0
2024-02-05,-0.0010987538784523847,35760803493,0
2024-02-12,0.0015031942066749335,35760803493,0
2024-02-19,0.007470845229233174,35760803493,0
2024-02-26,0.01198873165354698,35760803493,0
2024-02-05,0.06640481519160395,35760803736,0
2024-02-12,-0.013106769863897902,35760803736,0
2024-02-19,-0.06667352397461607,35760803736,0
2024-02-26,0.018692566029050756,35760803736,0
2024-02-05,-0.011360825344654386,35760804010,0
2024-02-12,-0.0723708373276941,35760804010,0
2024-02-19,-0.045288770821078975,35760804010,0
2024-02-26,0.03494391910253234,35760804010,0
2024-02-05,2.116784762890628,35760804375,9
2024-02-12,3.7301890334025147,35760804375,1
2024-02-19,5.328156665014373,35760804375,6
2024-02-26,4.759099805283129,35760804375,3
2024-02-05,-0.44168870703022745,35760804684,1
2024-02-12,0.4038372673473941,35760804684,2
2024-02-19,1.929278170755725,35760804684,1
2024-02-26,2.8721990693527792,35760804684,5
2024-02-05,4.158835778332091,35760805289,1
2024-02-12,2.1014220168898934,35760805289,2
2024-02-19,0.4288636532816883,35760805289,0
2024-02-26,0.5181822513435655,35760805289,2
2024-02-05,1.7972494993832484,35760805824,2
2024-02-12,1.3084696704990524,35760805824,0
2024-02-19,0.7428232803055603,35760805824,1
2024-02-26,0.6328633661647838,35760805824,1
2024-02-05,0.06370576766399433,35760806147,0
2024-02-12,-0.0011432944616374535,35760806147,0
2024-02-19,0.031004999634389897,35760806147,0
2024-02-26,0.13744199148852212,35760806147,0
2024-02-05,0.13293004449078627,35760806772,0
2024-02-12,0.017783421464171927,35760806772,0
2024-02-19,-0.04467449630084434,35760806772,0
2024-02-26,-0.013953720394376971,35760806772,0
2024-02-05,0.04181351167700675,35760807010,0
2024-02-12,-0.021040968844200043,35760807010,0
2024-02-19,-0.039182325513373535,35760807010,0
2024-02-26,0.009114476244692526,35760807010,0
2024-02-05,3.4742070516215704,35760807974,4
2024-02-12,3.0037754233335354,35760807974,1
2024-02-19,3.0442272103005736,35760807974,2
2024-02-26,3.069103093371301,35760807974,7
2024-02-05,0.45977498250743576,35760808239,0
2024-02-12,0.8049041995634277,35760808239,1
2024-02-19,1.3240133370246385,35760808239,0
2024-02-26,1.5950581377088466,35760808239,5
2024-02-05,-0.2511948500168757,35760808866,2
2024-02-12,-0.24702991613304914,35760808866,1
2024-02-19,1.4258471106872348,35760808866,2
2024-02-26,2.186798237658251,35760808866,2
2024-02-05,0.8298691525999129,35760809493,0
2024-02-12,0.4887037850501678,35760809493,0
2024-02-19,0.26564135405714573,35760809493,0
2024-02-26,0.28294706481145876,35760809493,0
2024-02-05,-0.36017945215970626,35760809723,0
2024-02-12,0.03580861736210261,35760809723,0
2024-02-19,0.6859229922377373,35760809723,0
2024-02-26,0.8611187865409021,35760809723,2
2024-02-05,0.25238421364499813,35760810312,0
2024-02-12,0.09268228483466602,35760810312,0
2024-02-19,-0.05233581333269631,35760810312,0
2024-02-26,-0.08433649271039871,35760810312,0
2024-02-05,1.088966332737121,35760810624,0
2024-02-12,0.7331968919789941,35760810624,1
2024-02-19,0.23703700281759613,35760810624,0
2024-02-26,0.05758910349663121,35760810624,0
2024-02-05,-0.13943259732253566,35760811216,0
2024-02-12,1.5093685844645541,35760811216,2
2024-02-19,4.956077332247636,35760811216,5
2024-02-26,6.7919297973048245,35760811216,3
2024-02-05,-0.10517049925708252,30181290347,0
2024-02-12,-0.05026248056842927,30181290347,0
2024-02-19,0.0167018212551389,30181290347,0
2024-02-26,-0.00643112125521178,30181290347,0
2024-02-05,0.008007893212913453,30182210325,0
2024-02-12,-0.15733122535217023,30182210325,0
2024-02-19,-0.21464988296953189,30182210325,0
2024-02-26,-0.060245184052482956,30182210325,0
2024-02-05,1.2391456159235117,35797749988,5
2024-02-12,1.7031686095882117,35797749988,1
2024-02-19,1.8522383268558928,35797749988,1
2024-02-26,1.5341892258253684,35797749988,1
2024-02-05,0.5383667265023584,35845590961,0
2024-02-12,0.4897985511977131,35845590961,2
2024-02-19,0.2595756298960632,35845590961,0
2024-02-26,0.08683456656267066,35845590961,0
2024-02-05,-0.034896710382997576,35846286376,0
2024-02-12,-0.01237174167287547,35846286376,0
2024-02-19,0.2407927733763371,35846286376,0
2024-02-26,0.5156712556730016,35846286376,0
2024-02-05,0.5647023303448946,35846548593,0
2024-02-12,0.5272296473375517,35846548593,0
2024-02-19,0.29200836974108285,35846548593,0
2024-02-26,0.0922404030869034,35846548593,0
2024-02-05,0.5507250334164264,4475480724,0
2024-02-12,0.6172888122573447,4475480724,0
2024-02-19,0.5260590624712465,4475480724,0
2024-02-26,0.4972913316970591,4475480724,0
2024-02-05,-0.011961797305814703,30227761388,0
2024-02-12,-0.00752177962545475,30227761388,0
2024-02-19,-0.03204737884909481,30227761388,0
2024-02-26,-0.07023491558706685,30227761388,0
2024-02-05,1.5965823132212138,30227761828,0
2024-02-12,0.6330693810116423,30227761828,2
2024-02-19,0.11797491077666011,30227761828,0
2024-02-26,0.10920252664857522,30227761828,1
2024-02-05,0.18605424342043558,30227763865,0
2024-02-12,0.1526500022764462,30227763865,0
2024-02-19,0.15481173553534627,30227763865,0
2024-02-26,0.1926943471014284,30227763865,0
2024-02-05,0.03484449200052836,30227764388,0
2024-02-12,0.15417734121813614,30227764388,0
2024-02-19,0.19192922414519673,30227764388,1
2024-02-26,0.12708232446187107,30227764388,0
2024-02-05,-0.0497697731291425,30227765347,0
2024-02-12,-0.10928815234515207,30227765347,0
2024-02-19,-0.04751968587929183,30227765347,0
2024-02-26,0.07945511144272047,30227765347,0
2024-02-05,0.287773908102901,3022776581,0
2024-02-12,0.454555070216457,3022776581,1
2024-02-19,0.45126095627440554,3022776581,0
2024-02-26,0.31614016486711694,3022776581,0
2024-02-05,0.31778525454409395,30227766812,0
2024-02-12,0.1465811189388932,30227766812,0
2024-02-19,0.12448944044003288,30227766812,1
2024-02-26,0.21212845938921773,30227766812,0
2024-02-05,0.20799066384618503,3022776731,1
2024-02-12,0.28965453995028867,3022776731,0
2024-02-19,0.38229474883495274,3022776731,1
2024-02-26,0.4378658144931651,3022776731,0
2024-02-05,0.10589275884558669,30227767831,0
2024-02-12,0.03412546832946051,30227767831,0
2024-02-19,-0.05502168324246881,30227767831,0
2024-02-26,-0.0247652767475266,30227767831,0
2024-02-05,0.571168664398334,30227768349,1
2024-02-12,0.556544983393261,30227768349,1
2024-02-19,0.5083849013553094,30227768349,0
2024-02-26,0.6212566677380366,30227768349,0
2024-02-05,0.019096065561536868,30227768888,0
2024-02-12,-0.042797267462185595,30227768888,0
2024-02-19,0.16221294973454442,30227768888,0
2024-02-26,0.3910543328920189,30227768888,0
2024-02-05,1.08787038164554,30227769326,0
2024-02-12,0.8867777441202302,30227769326,0
2024-02-19,0.17113788377837272,30227769326,0
2024-02-26,-0.535465020275972,30227769326,0
2024-02-05,0.49805290947405434,30227769849,2
2024-02-12,0.4387055521285434,30227769849,0
2024-02-19,0.22819685823479585,30227769849,0
2024-02-26,0.03210175835782103,30227769849,0
2024-02-05,0.00771459922638329,30323747828,0
2024-02-12,0.026864190006138086,30323747828,0
2024-02-19,-0.029902476950769048,30323747828,0
2024-02-26,-0.09553105077073583,30323747828,0
2024-02-05,0.09057516669882029,30323761316,0
2024-02-12,0.08467400815594037,30323761316,0
2024-02-19,0.02823473300797688,30323761316,0
2024-02-26,-0.050583107169785854,30323761316,0
2024-02-05,-0.04358717095384834,30323764884,0
2024-02-12,-0.1970029563796218,30323764884,0
2024-02-19,-0.15692859609585735,30323764884,0
2024-02-26,0.04712260359238221,30323764884,0
2024-02-05,-0.037822835510484765,4486038235,0
2024-02-12,0.1466599200792071,4486038235,0
2024-02-19,0.2229297275281189,4486038235,0
2024-02-26,0.14229115179911084,4486038235,0
2024-02-05,-0.006876334741445599,44860385651,0
2024-02-12,-0.002877857849479807,44860385651,0
2024-02-19,0.009238526544900146,44860385651,0
2024-02-26,0.013761266774945321,44860385651,0
2024-02-05,1.4029576412544207,36407064097,0
2024-02-12,1.7882213218156076,36407064097,0
2024-02-19,1.2598812554179244,36407064097,0
2024-02-26,0.3915474944789742,36407064097,0
2024-02-05,6.871862601873981,36442662378,12
2024-02-12,5.385449781216286,36442662378,6
2024-02-19,4.861846639024489,36442662378,2
2024-02-26,7.3193485620793775,36442662378,5
2024-02-05,2.7477999029270683,36442913739,6
2024-02-12,1.9323966861738746,36442913739,3
2024-02-19,1.045511259862827,36442913739,0
2024-02-26,1.4253386172965956,36442913739,1
2024-02-05,0.34407312157572867,38280841811,0
2024-02-12,0.29366293912911534,38280841811,1
2024-02-19,0.18832119778730189,38280841811,0
2024-02-26,0.09794626687300792,38280841811,0
2024-02-05,-0.019409925202991722,31260538389,0
2024-02-12,0.017570315559824003,31260538389,0
2024-02-19,0.030240719096418678,31260538389,0
2024-02-26,-0.002217464779300739,31260538389,0
2024-02-05,0.03723118071598325,31260608522,0
2024-02-12,0.03590493806273452,31260608522,0
2024-02-19,-0.007790509111521092,31260608522,0
2024-02-26,-0.021983531668335214,31260608522,0
2024-02-05,-0.17714412113395714,31298226737,0
2024-02-12,0.06932151479246121,31298226737,0
2024-02-19,0.183319209353309,31298226737,0
2024-02-26,0.025946630383371652,31298226737,0
2024-02-05,-0.0045158242608053754,31299041897,0
2024-02-12,0.002946861123409125,31299041897,0
2024-02-19,-0.010266443338771268,31299041897,0
2024-02-26,-0.031235039578567717,31299041897,0
2024-02-05,0.39269596467687334,31305483427,0
2024-02-12,0.7329038655048974,31305483427,2
2024-02-19,0.7244204517541454,31305483427,1
2024-02-26,0.3788216515596898,31305483427,0
2024-02-05,0.5848220642714093,31306190523,1
2024-02-12,0.5297580406315906,31306190523,1
2024-02-19,0.3569266489344345,31306190523,0
2024-02-26,0.17073269259702736,31306190523,0
2024-02-05,0.30048631115411,31315209729,0
2024-02-12,0.9694759949886359,31315209729,0
2024-02-19,1.382657606827698,31315209729,0
2024-02-26,1.1456128143453075,31315209729,0
2024-02-05,0.04029761951728892,31376582820,0
2024-02-12,-0.028096102099922967,31376582820,0
2024-02-19,-0.04584804203254281,31376582820,0
2024-02-26,-0.014382835378864665,31376582820,0
2024-02-05,0.09673264952046201,31376614032,0
2024-02-12,0.04143228165100752,31376614032,0
2024-02-19,-0.09098123932537758,31376614032,0
2024-02-26,-0.10745250093553274,31376614032,0
2024-02-05,-0.1236276553470197,31603725134,0
2024-02-12,0.37405526561027735,31603725134,0
2024-02-19,0.7411001985605623,31603725134,3
2024-02-26,0.4402644161547744,31603725134,0
2024-02-05,0.5775676968880711,31698186711,1
2024-02-12,0.6149452829714155,31698186711,1
2024-02-19,0.35444514942849087,31698186711,1
2024-02-26,0.06000351522148655,31698186711,0
2024-02-05,0.03331707825357477,3691275758,0
2024-02-12,0.008569385039624289,3691275758,0
2024-02-19,0.015410881672589576,3691275758,0
2024-02-26,0.08401182221176387,3691275758,0
2024-02-05,0.031839035442551594,36918045023,0
2024-02-12,0.2076220149847024,36918045023,0
2024-02-19,0.369241478616495,36918045023,1
2024-02-26,0.3810694412920996,36918045023,1
2024-02-05,-0.11037149508365496,36923304973,0
2024-02-12,-0.04233292419905553,36923304973,0
2024-02-19,0.18108100995948365,36923304973,0
2024-02-26,0.39284794990233257,36923304973,1
2024-02-05,-0.013450399360872872,3692477582,0
2024-02-12,0.02564926181872832,3692477582,0
2024-02-19,0.028126953053929184,3692477582,0
2024-02-26,-0.007990100816434392,3692477582,0
2024-02-05,-0.01551313258480784,36924792617,0
2024-02-12,-0.0017444025417204453,36924792617,0
2024-02-19,0.028639907188096142,36924792617,0
2024-02-26,0.036742615582361936,36924792617,0
2024-02-05,0.01624621278267341,36925028712,0
2024-02-12,0.022049945516745155,36925028712,0
2024-02-19,0.009554943536737316,36925028712,0
2024-02-26,-0.0023456679511436873,36925028712,0
2024-02-05,-0.01626152250492644,36925451776,0
2024-02-12,-0.02883328987503462,36925451776,0
2024-02-19,-0.013901795788814198,36925451776,0
2024-02-26,0.007835997030248038,36925451776,0
2024-02-05,-0.0117310282457658,36932256672,0
2024-02-12,-0.012611997133338953,36932256672,0
2024-02-19,-0.0019934405353391315,36932256672,0
2024-02-26,0.005271430537191795,36932256672,0
2024-02-05,-0.028546950262114207,36934182989,0
2024-02-12,-0.03186355579298362,36934182989,0
2024-02-19,-0.0076113499469890045,36934182989,0
2024-02-26,0.009089775825750726,36934182989,0
2024-02-05,-0.10196770272009145,38854719931,0
2024-02-12,-0.09901029703447387,38854719931,0
2024-02-19,0.11837918268190682,38854719931,0
2024-02-26,0.39214628823276587,38854719931,0
2024-02-05,0.19096171523622252,39231034278,0
2024-02-12,0.13461026071872328,39231034278,0
2024-02-19,0.2630783276079781,39231034278,0
2024-02-26,0.4404795216631876,39231034278,1
2024-02-05,0.5506409815050974,39233855712,1
2024-02-12,0.6222344724005251,39233855712,0
2024-02-19,0.5967508241580023,39233855712,2
2024-02-26,0.5155222611888091,39233855712,1
2024-02-05,1.0318970542126347,40790539263,1
2024-02-12,0.5790911927269186,40790539263,1
2024-02-19,0.21025156201986378,40790539263,0
2024-02-26,0.23359617480890754,40790539263,0
2024-02-05,1.265723637275424,41273568359,1
2024-02-12,1.6975090852582313,41273568359,4
2024-02-19,1.7379249786281572,41273568359,1
2024-02-26,1.3134786665117182,41273568359,3
2024-02-05,-0.111381707833062,3238598023,0
2024-02-12,-0.028685156327456357,3238598023,0
2024-02-19,0.19472715262328,3238598023,0
2024-02-26,0.5126983306441734,3238598023,1
2024-02-05,0.9125537798345322,36952764350,0
2024-02-12,1.1009073104486873,36952764350,3
2024-02-19,0.9835016830139816,36952764350,2
2024-02-26,0.6627273207159243,36952764350,2
2024-02-05,0.18753932128353834,36952921551,0
2024-02-12,0.07386728903898725,36952921551,0
2024-02-19,0.22618868356569294,36952921551,0
2024-02-26,0.45230948433909735,36952921551,2
2024-02-05,0.5578108946794023,36952968358,1
2024-02-12,0.48970612775259886,36952968358,1
2024-02-19,0.35694877444193274,36952968358,0
2024-02-26,0.28845427816621183,36952968358,2
2024-02-05,0.5922814405718165,42834137936,0
2024-02-12,0.5958991713872548,42834137936,0
2024-02-19,0.40899271115270475,42834137936,0
2024-02-26,0.41810043936246366,42834137936,0
2024-02-05,0.05669843228169143,42931108441,0
2024-02-12,0.03264468264753612,42931108441,0
2024-02-19,-0.01129893852786601,42931108441,0
2024-02-26,-0.011128961214125016,42931108441,0
2024-02-05,0.040787566507726254,32527221461,0
2024-02-12,-0.025162977165955572,32527221461,0
2024-02-19,-0.04104692255184458,32527221461,0
2024-02-26,-0.015390874684903251,32527221461,0
2024-02-05,1.8712993205671413,32527222047,2
2024-02-12,1.8826304325460663,32527222047,1
2024-02-19,1.4872795016599176,32527222047,1
2024-02-26,1.4416719193899405,32527222047,0
2024-02-05,0.056370284253187575,32527222347,0
2024-02-12,0.4349220204214759,32527222347,0
2024-02-19,0.5295619096284769,32527222347,0
2024-02-26,0.31243159039244245,32527222347,0
2024-02-05,-0.007122991611786908,3252722291,0
2024-02-12,0.05993759913774868,3252722291,0
2024-02-19,0.1771596637875418,3252722291,0
2024-02-26,0.21702093142448942,3252722291,0
2024-02-05,0.8750452321922845,32643461542,1
2024-02-12,0.3172478646505277,32643461542,0
2024-02-19,-0.19856301690076783,32643461542,0
2024-02-26,-0.33488005813065325,32643461542,0
2024-02-05,0.49917465364995756,32644385273,0
2024-02-12,0.21131652872040085,32644385273,1
2024-02-19,0.09286910985286936,32644385273,0
2024-02-26,0.07876209141628207,32644385273,0
2024-02-05,0.939359353808467,32644501966,0
2024-02-12,0.7228198023193251,32644501966,0
2024-02-19,0.3980680195567515,32644501966,1
2024-02-26,0.2187905911740584,32644501966,1
2024-02-05,0.495571627690867,32644518750,0
2024-02-12,0.6556308752211468,32644518750,0
2024-02-19,0.6547362560442803,32644518750,0
2024-02-26,0.5460136402854284,32644518750,0
2024-02-05,0.06841961395355817,32746043597,0
2024-02-12,0.09254461589081875,32746043597,0
2024-02-19,0.10079798278463789,32746043597,0
2024-02-26,0.11389448616276929,32746043597,0
2024-02-05,-0.2027461133599368,32812905448,0
2024-02-12,-0.24384883913341543,32812905448,0
2024-02-19,-0.01752375937186225,32812905448,0
2024-02-26,0.27861141159338076,32812905448,0
2024-02-05,-0.01419865099470232,32815784212,0
2024-02-12,-0.02355558428743751,32815784212,0
2024-02-19,-0.021624496131449157,32815784212,0
2024-02-26,-0.014279247521864956,32815784212,0
2024-02-05,0.47067574330811435,37232337056,0
2024-02-12,0.2529507143327428,37232337056,0
2024-02-19,0.12987870730507922,37232337056,0
2024-02-26,0.09121768434750965,37232337056,0
2024-02-05,0.10181634472061117,42997339136,0
2024-02-12,0.06897395200460499,42997339136,0
2024-02-19,0.0097167878694574,42997339136,0
2024-02-26,0.017782716740649906,42997339136,0
2024-02-05,0.15592792201293473,42997343957,0
2024-02-12,0.0416273607489851,42997343957,0
2024-02-19,0.04301921056981989,42997343957,0
2024-02-26,0.12999695874153583,42997343957,0
2024-02-05,0.04135547497420157,42997346034,0
2024-02-12,0.05456000393747501,42997346034,0
2024-02-19,0.05665788381780656,42997346034,0
2024-02-26,0.056115375775402446,42997346034,0
2024-02-05,-0.015088537889213008,42997353572,0
2024-02-12,0.019280080504924055,42997353572,0
2024-02-19,0.03287478590211139,42997353572,0
2024-02-26,0.016629652196769474,42997353572,0
2024-02-05,0.0013228164553142907,42997357738,0
2024-02-12,0.008513057294551686,42997357738,0
2024-02-19,0.018970878164061344,42997357738,0
2024-02-26,0.021770324544270296,42997357738,0
2024-02-05,0.1660210709811139,42997360431,0
2024-02-12,0.08169680321285859,42997360431,0
2024-02-19,0.0015271829859889174,42997360431,0
2024-02-26,-0.0029942278120436427,42997360431,0
2024-02-05,0.021818484368119676,4299736790,0
2024-02-12,0.030346608032441838,4299736790,0
2024-02-19,0.013135911944831116,4299736790,0
2024-02-26,-0.006759738916307635,4299736790,0
2024-02-05,0.07977483683442035,42997372184,0
2024-02-12,0.12456194774533912,42997372184,0
2024-02-19,0.07156244444929487,42997372184,0
2024-02-26,0.0014502588426091867,42997372184,0
2024-02-05,0.05662956764903693,42997374577,0
2024-02-12,-0.1684117990667935,42997374577,0
2024-02-19,-0.024339936202925017,42997374577,0
2024-02-26,0.3421218951429873,42997374577,0
2024-02-05,0.14727790051678075,42997385022,0
2024-02-12,0.23552847269448327,42997385022,0
2024-02-19,0.210497410350714,42997385022,0
2024-02-26,0.17735584645137747,42997385022,0
2024-02-05,-0.3973345932630501,4299740219,0
2024-02-12,1.4528889815823929,4299740219,0
2024-02-19,2.285357537882524,4299740219,0
2024-02-26,1.4727168003283562,4299740219,0
2024-02-05,0.9268074530217398,42997420495,0
2024-02-12,1.104498810718788,42997420495,0
2024-02-19,0.9408824322629559,42997420495,0
2024-02-26,0.7809936115817948,42997420495,0
2024-02-05,0.9113842010356067,42997421911,0
2024-02-12,0.6785525669144747,42997421911,0
2024-02-19,0.613294698311343,42997421911,0
2024-02-26,0.8178194876611969,42997421911,0
2024-02-05,0.566612250503203,42997430687,0
2024-02-12,0.8942171967331043,42997430687,0
2024-02-19,1.1285778111351785,42997430687,0
2024-02-26,0.9079995211998066,42997430687,0
2024-02-05,7.791194385534272,37342256451,10
2024-02-12,8.082070447389931,37342256451,14
2024-02-19,7.596974157467454,37342256451,9
2024-02-26,7.058145451261545,37342256451,12
2024-02-05,14.759620623886867,37343374872,17
2024-02-12,16.922570348617633,37343374872,19
2024-02-19,17.482230104628684,37343374872,23
2024-02-26,16.06261211678545,37343374872,18
2024-02-05,16.094275218751697,37344189072,25
2024-02-12,15.266211520164521,37344189072,26
2024-02-19,13.849757317572204,37344189072,20
2024-02-26,13.598290826192205,37344189072,23
2024-02-05,4.064539837416689,37344544280,0
2024-02-12,2.6767980375744607,37344544280,0
2024-02-19,1.478838652496405,37344544280,0
2024-02-26,1.3892409839503808,37344544280,0
2024-02-05,0.05949309987446941,38281454130,0
2024-02-12,0.037187690599468054,38281454130,0
2024-02-19,0.07956732978522996,38281454130,0
2024-02-26,0.1231192968565723,38281454130,0
2024-02-05,-0.023987714886822768,38282283940,0
2024-02-12,-0.0378505805625863,38282283940,0
2024-02-19,-0.006740592155095682,38282283940,0
2024-02-26,0.025962310806488708,38282283940,0
2024-02-05,1.1669537738769393,38353593948,0
2024-02-12,0.11641445485239876,38353593948,0
2024-02-19,-0.46319185797963347,38353593948,0
2024-02-26,-0.15814689375739754,38353593948,0
2024-02-05,5.531585506496065,38354014830,11
2024-02-12,7.3489140910821185,38354014830,11
2024-02-19,7.336615948955597,38354014830,16
2024-02-26,5.495028688191201,38354014830,8
2024-02-05,3.9818563696365734,38354067981,3
2024-02-12,4.66205027659166,38354067981,6
2024-02-19,5.934153679573241,38354067981,5
2024-02-26,6.741963379840945,38354067981,9
2024-02-05,-0.005674041502180968,38354074222,0
2024-02-12,-0.06461802328799565,38354074222,0
2024-02-19,-0.036751505935511034,38354074222,0
2024-02-26,0.08530033146164544,38354074222,0
2024-02-05,-0.02328285393849783,38598934876,0
2024-02-12,-0.007043776981526532,38598934876,0
2024-02-19,0.004582242951034793,38598934876,0
2024-02-26,-0.00705657466236197,38598934876,0
2024-02-05,0.038014526038835664,38599735521,0
2024-02-12,0.05864535400487235,38599735521,0
2024-02-19,0.01528959036139721,38599735521,0
2024-02-26,-0.03900580608218283,38599735521,0
2024-02-05,-0.000699549308041808,38675272223,0
2024-02-12,0.06867717649579405,38675272223,0
2024-02-19,0.09969517941851125,38675272223,0
2024-02-26,0.06127882921005057,38675272223,0
2024-02-05,-0.011836578093298938,38676507640,0
2024-02-12,0.04574100773803508,38676507640,0
2024-02-19,0.07651026452143779,38676507640,0
2024-02-26,0.061746013767303404,38676507640,0
2024-02-05,0.2293880950566134,38676661854,0
2024-02-12,0.12146149121318203,38676661854,0
2024-02-19,0.009388202392915601,38676661854,0
2024-02-26,0.010325916023655929,38676661854,0
2024-02-05,0.004766746208269723,38676704412,0
2024-02-12,0.054165094342817216,38676704412,0
2024-02-19,0.12891237866652694,38676704412,0
2024-02-26,0.15035312117443891,38676704412,0
2024-02-05,0.037913994430892106,38676726059,0
2024-02-12,0.004842931881210828,38676726059,0
2024-02-19,-0.014900016879892307,38676726059,0
2024-02-26,0.008070049049711148,38676726059,0
2024-02-05,0.10714807959490352,38676919811,0
2024-02-12,0.09445060887697537,38676919811,0
2024-02-19,0.13484780031837656,38676919811,0
2024-02-26,0.17450843954899645,38676919811,0
2024-02-05,0.5819375260490114,38676944496,0
2024-02-12,0.5996175388913245,38676944496,0
2024-02-19,0.4945254391450816,38676944496,0
2024-02-26,0.40654446413124656,38676944496,0
2024-02-05,0.10132413666083684,38677029055,0
2024-02-12,0.1839642058198842,38677029055,0
2024-02-19,0.20651398651077213,38677029055,0
2024-02-26,0.1741558472770246,38677029055,0
2024-02-05,0.13631855600555337,38677032646,0
2024-02-12,0.16935016358315685,38677032646,0
2024-02-19,0.2030158129546148,38677032646,0
2024-02-26,0.2213119202935288,38677032646,0
2024-02-05,0.020714963805052333,38677051225,0
2024-02-12,0.16151216231492038,38677051225,0
2024-02-19,0.340251620878005,38677051225,0
2024-02-26,0.43062096408807526,38677051225,0
2024-02-05,0.660717991366877,38677090284,0
2024-02-12,0.568271806920555,38677090284,0
2024-02-19,0.523052618190642,38677090284,0
2024-02-26,0.5334028652531421,38677090284,0
2024-02-05,0.12005560181730901,38677235450,0
2024-02-12,0.20613072215320705,38677235450,0
2024-02-19,0.21965706510050864,38677235450,0
2024-02-26,0.20460407561603178,38677235450,0
2024-02-05,0.1621974175361607,38677320037,0
2024-02-12,0.1876238520676327,38677320037,0
2024-02-19,0.13909000838474314,38677320037,0
2024-02-26,0.05123739783757758,38677320037,0
2024-02-05,-0.007997637011950776,38677419399,0
2024-02-12,0.0057081820703817395,38677419399,0
2024-02-19,0.014792741844796412,38677419399,0
2024-02-26,0.009366820594329863,38677419399,0
2024-02-05,0.013174267374158558,38677459566,0
2024-02-12,0.007122263163490853,38677459566,0
2024-02-19,0.0026148377061677754,38677459566,0
2024-02-26,0.0064183541435827544,38677459566,0
2024-02-05,0.007306815870728019,3867746102,0
2024-02-12,0.03838230684958527,3867746102,0
2024-02-19,0.02908631654828587,3867746102,0
2024-02-26,-0.010621095684953855,3867746102,0
2024-02-05,0.04388308801640052,38677463756,0
2024-02-12,0.02317748298580112,38677463756,0
2024-02-19,-0.0036814558079208692,38677463756,0
2024-02-26,0.0018064693773665597,38677463756,0
2024-02-05,-0.04133100599837791,38677465824,0
2024-02-12,0.07356158737459934,38677465824,0
2024-02-19,0.29251531785393514,38677465824,0
2024-02-26,0.3723767599435936,38677465824,0
2024-02-05,9.841175445150585,38781988859,5
2024-02-12,7.0789762116364034,38781988859,0
2024-02-19,4.787440079082698,38781988859,0
2024-02-26,3.738617124016514,38781988859,0
2024-02-05,0.09955273657802452,38800819249,0
2024-02-12,0.04963286300229247,38800819249,0
2024-02-19,0.046661787786646064,38800819249,0
2024-02-26,0.11128380817905714,38800819249,0
2024-02-05,0.16823262764473867,38800942867,0
2024-02-12,0.14205246833343924,38800942867,0
2024-02-19,0.08551572589710503,38800942867,0
2024-02-26,0.046284642690686995,38800942867,0
2024-02-05,0.43405602949157207,38801183774,1
2024-02-12,0.5906646954101201,38801183774,2
2024-02-19,0.9464735395344944,38801183774,2
2024-02-26,1.2204162508670098,38801183774,1
2024-02-05,0.1994400140080044,38801498118,1
2024-02-12,0.07860455687210677,38801498118,0
2024-02-19,0.09664543937155773,38801498118,0
2024-02-26,0.20148140717149138,38801498118,0
2024-02-05,0.6351427044587181,38801689265,1
2024-02-12,0.726215077529295,38801689265,0
2024-02-19,0.5807499634388646,38801689265,2
2024-02-26,0.3783763723039551,38801689265,0
2024-02-05,0.1321705831453131,38801749516,0
2024-02-12,0.0289862053173089,38801749516,0
2024-02-19,-0.028688881968733204,38801749516,0
2024-02-26,-0.010934700393854531,38801749516,0
2024-02-05,-0.01479004570988168,38802030325,0
2024-02-12,-0.004047567010179075,38802030325,0
2024-02-19,0.0017888610467523929,38802030325,0
2024-02-26,-0.0037029126911404357,38802030325,0
2024-02-05,0.11291891512698403,38802044766,0
2024-02-12,0.13297207398370756,38802044766,1
2024-02-19,0.1611428769081279,38802044766,0
2024-02-26,0.09568817803684193,38802044766,0
2024-02-05,-0.023469525926563442,3880204628,0
2024-02-12,-0.017271713559217725,3880204628,0
2024-02-19,0.0068240166410436474,3880204628,0
2024-02-26,0.015757017046131604,3880204628,0
2024-02-05,0.6966019998210397,38802062486,0
2024-02-12,0.15213444721085023,38802062486,0
2024-02-19,-0.028378018094177393,38802062486,0
2024-02-26,0.4134908628340711,38802062486,0
2024-02-05,0.7109534857741575,38802063648,0
2024-02-12,0.6399613857848845,38802063648,2
2024-02-19,0.5698276543535419,38802063648,0
2024-02-26,0.6117714218003318,38802063648,0
2024-02-05,0.5206668518602866,38834652679,0
2024-02-12,0.44419500513090404,38834652679,1
2024-02-19,0.33434817098965297,38834652679,1
2024-02-26,0.27887308033642233,38834652679,0
2024-02-05,-0.0409674333822061,38854310471,0
2024-02-12,-0.06392443795747628,38854310471,0
2024-02-19,-0.01912009817922661,38854310471,0
2024-02-26,0.03882354319427414,38854310471,0
2024-02-05,0.009675844352183206,38854484797,0
2024-02-12,-0.00680365098203049,38854484797,0
2024-02-19,-0.014534025049572663,38854484797,0
2024-02-26,-0.0029451459724657504,38854484797,0
2024-02-05,0.03644328215864416,38854578923,0
2024-02-12,-0.0470512664147151,38854578923,0
2024-02-19,-0.11656869533381965,38854578923,0
2024-02-26,-0.07228868737298819,38854578923,0
2024-02-05,0.03178271340467381,38854638939,0
2024-02-12,0.090415750733903,38854638939,0
2024-02-19,0.09074115974214196,38854638939,0
2024-02-26,0.05436225929096915,38854638939,0
2024-02-05,-0.006745859897688042,38854871121,0
2024-02-12,-0.041291949677403204,38854871121,0
2024-02-19,0.0428294483107087,38854871121,0
2024-02-26,0.17905439840696882,38854871121,0
2024-02-05,0.3956244930372389,38873536553,0
2024-02-12,0.2248378503218919,38873536553,0
2024-02-19,0.10719239796413754,38873536553,0
2024-02-26,0.10623654309519179,38873536553,0
2024-02-05,-0.03417029338119136,38874052232,0
2024-02-12,0.03677398772552037,38874052232,0
2024-02-19,0.04886319002773876,38874052232,0
2024-02-26,-0.017818123435428497,38874052232,0
2024-02-05,0.15422595404219575,39233070674,0
2024-02-12,0.196552874984524,39233070674,1
2024-02-19,0.16609535713910836,39233070674,0
2024-02-26,0.06264852465709886,39233070674,0
2024-02-05,0.06353857141217363,39233433918,0
2024-02-12,0.14304517270740896,39233433918,0
2024-02-19,0.2253575162226143,39233433918,1
2024-02-26,0.22780337371435783,39233433918,0
2024-02-05,0.35122073226096584,39233458243,0
2024-02-12,0.23902502918166835,39233458243,0
2024-02-19,0.2849594867968672,39233458243,1
2024-02-26,0.33884704980419666,39233458243,0
2024-02-05,0.3462302601097644,39234021695,0
2024-02-12,0.6525300514907836,39234021695,0
2024-02-19,0.9301377956846058,39234021695,1
2024-02-26,1.0352735794278418,39234021695,4
2024-02-05,0.0382883225054315,39267672963,0
2024-02-12,0.0152972889313343,39267672963,0
2024-02-19,-0.014677492400582321,39267672963,0
2024-02-26,-0.010834412654077176,39267672963,0
2024-02-05,-0.061001518218547615,39267673237,0
2024-02-12,0.008236884470085035,39267673237,0
2024-02-19,0.04774348624948148,39267673237,0
2024-02-26,0.01886402978125657,39267673237,0
2024-02-05,0.06488308691739245,3926767355,0
2024-02-12,0.07306337712794386,3926767355,0
2024-02-19,0.032775343268248124,3926767355,0
2024-02-26,-0.042012705209292456,3926767355,0
2024-02-05,0.16810710516106217,39267673893,0
2024-02-12,0.13851530479424434,39267673893,1
2024-02-19,0.0913467334543123,39267673893,0
2024-02-26,0.09980183885265795,39267673893,0
2024-02-05,-0.028523111374408196,39267674193,0
2024-02-12,-0.009258562660933563,39267674193,0
2024-02-19,0.0338988341212426,39267674193,0
2024-02-26,0.048093846307417504,39267674193,0
2024-02-05,-0.02999517981394459,39267674431,0
2024-02-12,0.07442588045790353,39267674431,0
2024-02-19,0.18712804688688572,39267674431,0
2024-02-26,0.2158751820839234,39267674431,1
2024-02-05,0.07249511334096516,39267674723,0
2024-02-12,0.10519393474565475,39267674723,0
2024-02-19,0.07337048455870879,39267674723,0
2024-02-26,0.01926517900167679,39267674723,0
2024-02-05,0.14247756458217692,39267675034,0
2024-02-12,0.13630178580052182,39267675034,0
2024-02-19,0.10780161735532562,39267675034,0
2024-02-26,0.10771594727830991,39267675034,0
2024-02-05,2.545964408818452,39814768574,4
2024-02-12,2.442892341038002,39814768574,2
2024-02-19,1.8274723793155172,39814768574,2
2024-02-26,1.4532413187508628,39814768574,0
2024-02-05,0.5880494779979535,41844855621,0
2024-02-12,0.267469730831234,41844855621,0
2024-02-19,0.02226245903416113,41844855621,0
2024-02-26,0.05004761820808956,41844855621,0
2024-02-05,0.0822236005005118,41911928478,0
2024-02-12,0.15804651862191244,41911928478,0
2024-02-19,0.40546239925957733,41911928478,0
2024-02-26,0.6228481023735712,41911928478,0
2024-02-05,0.1609023247353646,42997381110,0
2024-02-12,0.2735664285160768,42997381110,0
2024-02-19,0.3558330372661336,42997381110,0
2024-02-26,0.37235316004409547,42997381110,0
2024-02-05,0.5614858759217518,42997428553,0
2024-02-12,0.42236801366585697,42997428553,0
2024-02-19,0.7342079996465269,42997428553,0
2024-02-26,1.1835520227534655,42997428553,0
2024-02-05,0.0653934604620712,40545530187,0
2024-02-12,-0.029820623794648005,40545530187,0
2024-02-19,0.06944059191585192,40545530187,0
2024-02-26,0.1929298558961951,40545530187,0
2024-02-05,0.04438953804965265,40545530450,0
2024-02-12,0.0657311462915485,40545530450,0
2024-02-19,0.03676957618018502,40545530450,0
2024-02-26,0.007650746475813583,40545530450,0
2024-02-05,0.464048490950278,4079053893,2
2024-02-12,0.590875073151924,4079053893,0
2024-02-19,0.7521111484688681,4079053893,0
2024-02-26,0.9446716503168535,4079053893,2
